"","Active Ingredient","Country","group","IS_Air_emission","IS_Agr_soil_emission_field","IS_Freshwater_emission_offField","IS_Nat_soil_emission_offField","IS_Agr_soil_emission_offField","UnitIS_Air_emission","UnitIS_Agr_soil_emission_field","UnitIS_Freshwater_emission_offField","UnitIS_Nat_soil_emission_offField","UnitIS_Agr_soil_emission_offField","AnnualIS_Air_emission","AnnualIS_Agr_soil_emission_field","AnnualIS_Freshwater_emission_offField","AnnualIS_Nat_soil_emission_offField","AnnualIS_Agr_soil_emission_offField","sumIS","sumIS_drift","IS_Air_emission_drift","IS_Agr_soil_emission_field_drift","IS_Agr_soil_emission_offField_drift","IS_Freshwater_emission_offField_drift","IS_Nat_soil_emission_offField_drift","sumUnitIS","sumUnitIS_drift","UnitIS_Air_emission_drift","UnitIS_Agr_soil_emission_field_drift","UnitIS_Agr_soil_emission_offField_drift","UnitIS_Freshwater_emission_offField_drift","UnitIS_Nat_soil_emission_offField_drift","sumAnnualIS","sumAnnualIS_drift","AnnualIS_Air_emission_drift","AnnualIS_Agr_soil_emission_field_drift","AnnualIS_Agr_soil_emission_offField_drift","AnnualIS_Freshwater_emission_offField_drift","AnnualIS_Nat_soil_emission_offField_drift"
"1","ABAMECTIN","BRAZIL","original method",264.554231,0.575437970662385,31.99119724,0.066338353,0.007517899,0.00908276438922175,1.88724569790188e-05,0.00109833248998379,2.27754978311671e-06,2.5805230366015e-07,6645073.1736,14099.469607069,803554.8923334,1666.286751255,188.834593641,297.194722462662,297.194722462662,264.554231,0.575437970662385,0.007517899,31.99119724,0.066338353,0.0102025049382713,0.0102025049382713,0.00908276438922175,1.88724569790188e-05,2.5805230366015e-07,0.00109833248998379,2.27754978311671e-06,7464582.65688537,7464582.65688537,6645073.1736,14099.469607069,188.834593641,803554.8923334,1666.286751255
"2","ABAMECTIN","BRAZIL","refined method - original",264.554231,0.568548714954753,57.46169686,0.090334805,0.035733073,0.00908276438922175,1.86465135465121e-05,0.00197279420593482,3.10140537721048e-06,1.22680023517839e-06,6645073.1736,13930.668010469,1443322.9017646,2269.029619564,897.543339522,322.710544452955,25.5158219902924,0,-0.0068892557076321,0.028215174,25.47049962,0.023996452,0.0110785333143155,0.000876028376044129,0,-2.25943432506663e-07,9.68747931518236e-07,0.000874461715951023,8.23855594093766e-07,8105493.31633415,640910.659448789,0,-168.8015966,708.708745881,639768.0094312,602.742868309
"3","ABAMECTIN","BRAZIL","50% drift - refined",264.554231,0.576855154892521,28.7308484327664,0.0451674022409895,0.0178665367353511,0.00908276399577644,1.89189356500966e-05,0.000986397060167373,1.55070230140153e-06,6.13399891491679e-07,6645072.89120534,14134.1931627696,721661.42019443,1134.51476116353,448.771650602731,293.924968526635,-28.7855759263196,0,0.00830643993776847,-0.0178665362646489,-28.7308484272337,-0.0451674027590105,0.0100902440937868,-0.000988289220528665,-3.93445311053231e-10,2.72422103584484e-07,-6.13400343686707e-07,-0.000986397145767442,-1.55070307580895e-06,7382451.79097431,-723041.525359844,-0.28239465598017,203.52515230057,-448.771688919269,-721661.48157017,-1134.51485840047
"4","ABAMECTIN","BRAZIL","75% drift - refined",264.554231,0.581008374909847,14.3654242163832,0.0225837011204948,0.00893326836767557,0.00908276399577644,1.90551474904209e-05,0.000493198530083687,7.75351150700765e-07,3.06699945745839e-07,6645072.89120534,14235.9559943478,360830.710097215,567.257380581766,224.385825301366,279.532180560781,-43.1783638921736,0,0.0124596599550943,-0.0267998046323244,-43.0962726436168,-0.0677511038795052,0.00959609972444699,-0.00148243358986847,-3.93445311053231e-10,NA,-9.20100289432546e-07,-0.00147959567585113,-2.32605422650972e-06,7020931.20050279,-1084562.11583136,-0.28239465598017,305.28798387881,-673.157514220634,-1082492.19166738,-1701.77223898223
"5","ABAMECTIN","BRAZIL","90% drift - refined",264.554231,0.581008374909847,5.74616968655327,0.00903348044819791,0.00357330734707023,0.00908276399577644,1.90551474904209e-05,0.000197279412033475,3.10140460280306e-07,1.22679978298336e-07,6645072.89120534,14235.9559943478,144332.284038886,226.902952232706,89.7543301205463,270.894015849258,-51.8165286036964,0,0.0124596599550943,-0.0321597656529298,-51.7155271734467,-0.0813013245518021,0.00929953137573891,-0.00177900193857655,-3.93445311053231e-10,4.08633943908805e-07,-1.10412025688005e-06,-0.00177551479390134,-2.79126491693017e-06,6803957.78852093,-1301535.52781322,-0.28239465598017,305.28798387881,-807.789009401454,-1298990.61772571,-2042.12666733129
"6","BETA-CYFLUTHRIN","BRAZIL","original method",1547.230107,374.695988971468,1325.9642,24.43963099,2.769662731,0.187483975197586,0.0436843115171658,0.160672312446957,0.00296144649063859,0.000335610959019798,177889687.055417,42242248.330871,152450081.928508,2809897.69340715,318436.43322398,3275.09958969247,3275.09958969247,1547.230107,374.695988971468,2.769662731,1325.9642,24.43963099,0.395137656611368,0.395137656611368,0.187483975197586,0.0436843115171658,0.000335610959019798,0.160672312446957,0.00296144649063859,375710351.441427,375710351.441427,177889687.055417,42242248.330871,318436.43322398,152450081.928508,2809897.69340715
"7","BETA-CYFLUTHRIN","BRAZIL","refined method - original",1547.230107,370.210055643369,2381.659939,33.28013414,13.16439054,0.187483975197586,0.043161314436044,0.288595129507494,0.00403268513111048,0.00159518112864383,177889687.055417,41736515.90652,273826588.211967,3826316.8623743,1513549.47327115,4345.54462632337,1070.4450366309,0,-4.48593332809912,10.394727809,1055.695739,8.84050315,0.524868285400879,0.129730628789511,0,-0.00052299708112178,0.00125957016962404,0.127922817060537,0.00107123864047189,498792657.509549,123082306.068122,0,-505732.424350999,1195113.04004717,121376506.283459,1016419.16896715
"8","BETA-CYFLUTHRIN","BRAZIL","50% drift - refined",1547.230107,375.618787695191,1190.82996945496,16.6400670695235,6.5821952686761,0.187483973520289,0.0437918965623608,0.144297563400801,0.00201634254641503,0.000797590557393313,177889685.464765,42346281.9010719,136913292.825654,1913158.41368264,756774.729702476,3136.90112648835,-1208.64349983502,0,5.40873205182226,-6.5821952713239,-1190.82996954504,-16.6400670704765,0.37838736658726,-0.146480918813619,-1.67729691247231e-09,0.000630582126316719,-0.000797590571250522,-0.144297566106693,-0.00201634258469545,359819193.334876,-138973464.174673,-1.59065166115761,609765.994551919,-756774.743568674,-136913295.386313,-1913158.44869166
"9","BETA-CYFLUTHRIN","BRAZIL","75% drift - refined",1547.230107,378.323153695405,595.41498472748,8.32003353476176,3.29109763433805,0.187483973520289,0.0441071878098375,0.0721487817004005,0.00100817127320752,0.000398795278696656,177889685.464765,42651165.0665585,68456646.412827,956579.206841318,378387.364851238,2532.57937659198,-1812.96524973138,0,8.11309805203604,-9.87329290566195,-1786.24495427252,-24.9601006052382,0.305146909582432,-0.219721375818447,-1.67729691247231e-09,NA,-0.00119638584994718,-0.216446347807094,-0.00302451385790297,290332463.515843,-208460193.993706,-1.59065166115761,914649.160038464,-1135162.10841991,-205369941.79914,-2869737.65553298
"10","BETA-CYFLUTHRIN","BRAZIL","90% drift - refined",1547.230107,378.323153695405,238.165993890992,3.3280134139047,1.31643905373522,0.187483973520289,0.0441071878098375,0.0288595126801602,0.000403268509283007,0.000159518111478662,177889685.464765,42651165.0665585,27382658.5651308,382631.682736527,151354.945940495,2168.36370705404,-2177.18091926933,0,8.11309805203604,-11.8479514862648,-2143.49394510901,-29.9521207260953,0.261013460631049,-0.26385482476983,-1.67729691247231e-09,0.000945873373793482,-0.00143566301716517,-0.259735616827334,-0.00362941662182748,248457495.725132,-250335161.784418,-1.59065166115761,914649.160038464,-1362194.52733065,-246443929.646836,-3443685.17963777
"11","CHLOROTHALONIL","BRAZIL","original method",3940.800861,1689.92909038101,301.0335485,108.9915571,12.3515983,3569.15420909437,1497.09784453337,272.643859616877,98.712847638461,11.1867512800851,6121726755.305,2585101442.976,467632137.0023,169309882.70432,19187244.540255,6053.10665528101,6053.10665528101,3940.800861,1689.92909038101,12.3515983,301.0335485,108.9915571,5448.79551216316,5448.79551216316,3569.15420909437,1497.09784453337,11.1867512800851,272.643859616877,98.712847638461,9362957462.52788,9362957462.52788,6121726755.305,2585101442.976,19187244.540255,467632137.0023,169309882.70432
"12","CHLOROTHALONIL","BRAZIL","refined method - original",3940.800861,1669.69693021621,540.7080697,148.4168744,58.70796541,3569.15420909437,1479.17429761171,489.715301781121,134.420066029608,53.1713702924737,6121726755.305,2554152104.943,839947811.1121,230554037.85116,91198245.03688,6358.33070072621,305.224045445198,0,-20.2321601648018,46.35636711,239.6745212,39.4253173,5725.63524480928,276.839732646121,0,-17.9235469216571,41.9846190123886,217.071442164244,35.7072183911466,9837578954.24814,474621491.720266,0,-30949338.033,72011000.496625,372315674.1098,61244155.14684
"13","CHLOROTHALONIL","BRAZIL","50% drift - refined",3940.800861,1694.09103588325,270.354034915532,74.2084371791347,29.3539826980716,3569.15420898939,1500.78488688817,244.857650937271,67.2100329964968,26.5856851418872,6121726755.03212,2591468013.13579,419973905.622149,115277018.898476,45599122.5103254,6008.80835167599,-349.522349050223,-4.54747350886464e-13,24.3941056670392,-29.3539827119284,-270.354034784468,-74.2084372208653,5408.59246495321,-317.042779856072,-1.04981154436246e-07,21.610589276456,-26.5856851505865,-244.85765084385,-67.2100330331108,9294044815.19886,-543534139.049282,-0.272881507873535,37315908.1927929,-45599122.5265546,-419973905.489951,-115277018.952684
"14","CHLOROTHALONIL","BRAZIL","75% drift - refined",3940.800861,1706.28808871658,135.177017457766,37.1042185895673,14.6769913490358,3569.15420898939,1511.59018139071,122.428825468635,33.6050164982484,13.2928425709436,6121726755.03212,2610125966.93083,209986952.811075,57638509.4492382,22799561.2551627,5834.04717711295,-524.283523613261,-4.54747350886464e-13,36.5911585003691,-44.0309740609642,-405.531052242234,-111.312655810433,5250.07107491793,-475.564169891356,-1.04981154436246e-07,NA,-39.8785277215301,-367.286476312485,-100.815049531359,9022277745.47843,-815301208.769714,-0.272881507873535,55973861.9878335,-68398683.7817173,-629960858.301025,-172915528.401922
"15","CHLOROTHALONIL","BRAZIL","90% drift - refined",3940.800861,1706.28808871658,54.0708069831064,14.8416874358269,5.87079653961432,3569.15420898939,1511.59018139071,48.9715301874542,13.4420065992994,5.31713702837744,6121726755.03212,2610125966.93083,83994781.1244298,23055403.7796953,9119824.50206508,5721.87224067513,-636.458460051083,-4.54747350886464e-13,36.5911585003691,-52.8371688703857,-486.637262716894,-133.575186964173,5148.47506419523,-577.160180614052,-1.04981154436246e-07,32.4158837790001,-47.8542332640963,-440.743771593667,-120.978059430308,8848022731.36914,-989556222.879,-0.272881507873535,55973861.9878335,-82078420.5348149,-755953029.98767,-207498634.071465
"16","COPPER-OXYCHLORIDE","SPAIN","original method",1257.587299,15656.06026,7.876031322,233.9397658,26.45526729,4024.70648071277,50104.710210398,25.2059752165857,748.686705292639,84.6658405374418,1426618350.17,17760375659.7,8934640.81669,265383375.759,30011093.3159,17181.918623412,17181.918623412,1257.587299,15656.06026,26.45526729,7.876031322,233.9397658,54987.9752121574,54987.9752121574,4024.70648071277,50104.710210398,84.6658405374418,25.2059752165857,748.686705292639,19491323119.7616,19491323119.7616,1426618350.17,17760375659.7,30011093.3159,8934640.81669,265383375.759
"17","COPPER-OXYCHLORIDE","SPAIN","refined method - original",1257.587299,11190.42193,112.9041209,2222.716749,2447.873841,4024.70648071277,35813.1508672644,361.331533391001,7113.44851548779,7834.02768050052,1426618350.17,12694515353.4,128079450.923,2521469884.6,2776890116.38,17231.5039399,49.5853164880027,0,-4465.63833,2421.41857371,105.028089578,1988.7769832,55146.6650773564,158.68986519902,0,-14291.5593431336,7749.36183996308,336.125558174416,6364.76181019515,19547573155.473,56250035.7114105,0,-5065860306.3,2746879023.0641,119144810.10631,2256086508.841
"18","COPPER-OXYCHLORIDE","SPAIN","50% drift - refined",1257.587299,13555.517429696,56.4520604511402,1111.35837465305,1223.93692037232,4024.70648135798,43382.259745181,180.665766714074,3556.72425853404,3917.01384079882,1426618350.64276,15377500975.9081,64039725.4609924,1260734942.76007,1388445058.26417,17204.8520841725,-26.6518557274903,0,2365.095499696,-1223.93692062768,-56.4520604488598,-1111.35837434695,55061.3700925859,-85.294984770524,6.45213731331751e-07,7569.10887791663,-3917.0138397017,-180.665766676927,-3556.72425695375,19517339053.0361,-30234102.4369431,0.472759485244751,2682985622.50807,-1388445058.11583,-64039725.4620076,-1260734941.83993
"19","COPPER-OXYCHLORIDE","SPAIN","75% drift - refined",1257.587299,14738.065178848,28.2260302255701,555.679187326525,611.96846018616,4024.70648135798,47166.8141807354,90.3328833570371,1778.36212926702,1958.50692039941,1426618350.64276,16718993785.8251,32019862.7304962,630367471.380033,694222529.132086,17191.5261555863,-39.9777843137417,0,3547.643248848,-1835.90538081384,-84.6780906744299,-1667.03756167348,55018.7225951169,-127.942482239567,6.45213731331751e-07,NA,-5875.52076010111,-270.998650033964,-5335.08638622077,19502221999.7105,-45351155.7624817,0.472759485244751,4024478432.42514,-2082667587.24791,-96059588.1925038,-1891102413.21997
"20","COPPER-OXYCHLORIDE","SPAIN","90% drift - refined",1257.587299,14738.065178848,11.290412090228,222.27167493061,244.787384074464,4024.70648135798,47166.8141807354,36.1331533428148,711.344851706808,783.402768159764,1426618350.64276,16718993785.8251,12807945.0921985,252146988.552013,277689011.652834,16474.0019489433,-757.501990956698,0,3547.643248848,-2203.08645692554,-101.613708809772,-2000.44507406939,52722.4014353028,-2424.26364205364,6.45213731331751e-07,11353.6633134711,-7050.62491234076,-325.198380048187,-6402.10366378098,18688256081.7649,-859317073.708054,0.472759485244751,4024478432.42514,-2499201104.72717,-115271505.830802,-2269322896.04799
"21","DIMETHOATE","SPAIN","original method",134.9954532,1109.179155,4.208342011,16.57372545,1.874266612,13.8621582998231,113.897295568983,0.432138281323465,1.70189143684445,0.192461152295643,59974159.98,492772804.8,1869631.688,7363175.857,832676.6794,1266.830942273,1266.830942273,134.9954532,1109.179155,1.874266612,4.208342011,16.57372545,130.08594473927,130.08594473927,13.8621582998231,113.897295568983,0.192461152295643,0.432138281323465,1.70189143684445,562812449.0044,562812449.0044,59974159.98,492772804.8,832676.6794,1869631.688,7363175.857
"22","DIMETHOATE","SPAIN","refined method - original",134.9954532,792.8037156,60.32723027,157.4708644,173.4236196,13.8621582998231,81.4099315809274,6.19476875874198,16.1700709142564,17.8081973261636,59974159.98,352217321.1,26801457.94,69959266.01,77046564.64,1319.02088307,52.189940797,0,-316.3754394,171.549352988,56.118888259,140.89713895,135.445126879913,5.35918214064287,0,-32.4873639880556,17.615736173868,5.76263047741851,14.468179477412,585998769.67,23186320.6656002,0,-140555483.7,76213887.9606,24931826.252,62596090.153
"23","DIMETHOATE","SPAIN","50% drift - refined",134.9954532,960.3627684284,30.1636151316612,78.7354322101923,86.711809809303,13.8621582991076,98.6159193139679,3.09738437789433,8.08503545248547,8.90409866025526,59974159.9810738,426658446.253446,13400728.9625795,34979632.9848024,38523282.3067524,1290.96907877956,-28.0518042904432,2.8421709430404e-14,167.5590528284,-86.711809790697,-30.1636151383388,-78.7354321898078,132.564596103711,-2.88053077620205,-7.155200876241e-10,17.2059877330404,-8.90409866590835,-3.09738438084764,-8.08503546177094,573536250.488655,-12462519.1813455,0.00107385218143463,74441125.1534464,-38523282.3332476,-13400728.9774205,-34979633.0251976
"24","DIMETHOATE","SPAIN","75% drift - refined",134.9954532,1044.1422948142,15.0818075658306,39.3677161050961,43.3559049046515,13.8621582991076,107.218913188611,1.54869218894717,4.04251772624273,4.45204933012763,59974159.9810738,463879008.868666,6700364.48128976,17489816.4924012,19261641.1533762,1276.94317658978,-42.0777064802217,2.8421709430404e-14,251.3385792142,-130.067714695348,-45.2454227041694,-118.103148294904,131.124330733036,-4.3207961468768,-7.155200876241e-10,NA,-13.356147996036,-4.64607656979481,-12.1275531880137,567304990.976807,-18693778.693193,0.00107385218143463,111661687.768666,-57784923.4866238,-20101093.4587102,-52469449.5175988
"25","DIMETHOATE","SPAIN","90% drift - refined",134.9954532,1044.1422948142,6.03272302633224,15.7470864420384,17.3423619618606,13.8621582991076,107.218913188611,0.619476875578867,1.61700709049709,1.78081973205105,59974159.9810738,463879008.868666,2680145.7925159,6995926.59696047,7704656.46135048,1218.25991944443,-100.760963625569,2.8421709430404e-14,251.3385792142,-156.081257638139,-54.2945072436678,-141.723777957962,125.098375185845,-10.3467516940673,-7.155200876241e-10,25.8089816076832,-16.0273775941126,-5.57529188316311,-14.5530638237593,541233897.700567,-44764871.9694333,0.00107385218143463,111661687.768666,-69341908.1786495,-24121312.1474841,-62963339.4130395
"26","DIURON","SPAIN","original method",551.3293076,4109.252357,14.09652413,61.40255663,6.943724519,721.5445127176,5377.926492224,18.44862860984,80.35973634832,9.0875022524,35320360.76,263255143,903079.722,3933693.388,444842.7676,4743.024469879,4743.024469879,551.3293076,4109.252357,6.943724519,14.09652413,61.40255663,6207.36687215216,6207.36687215216,721.5445127176,5377.926492224,9.0875022524,18.44862860984,80.35973634832,303857119.6376,303857119.6376,35320360.76,263255143,444842.7676,903079.722,3933693.388
"27","DIURON","SPAIN","refined method - original",551.3293076,2937.154491,202.0758425,583.4001355,642.4944198,721.5445127176,3843.959820272,264.4639297872,763.5167598344,840.8555769328,35320360.76,188165865.3,12945786.77,37374946.28,41160762.51,4916.4541964,173.429726521,0,-1172.097866,635.550695281,187.97931837,521.99757887,6434.340599544,226.973727391838,0,-1533.966671952,831.7680746804,246.01530117736,683.15702348608,314967721.62,11110601.9824,0,-75089277.7,40715919.7424,12042707.048,33441252.892
"28","DIURON","SPAIN","50% drift - refined",551.3293076,3557.9220469361,101.037921231618,291.70006773797,321.247209900818,721.544512711194,4656.38066801896,132.231964880983,381.75837985112,420.427788496757,35320360.7620864,227934718.014914,6472893.38578238,18687473.1395653,20580381.255086,4823.23655340651,-93.2176429934934,0,620.7675559361,-321.247209899182,-101.037921268382,-291.70006776203,6312.34331395902,-121.997285584984,-6.40636699245078e-09,812.420847746963,-420.427788436043,-132.231964906217,-381.75837998328,308995826.557434,-5971895.06256568,0.00208640098571777,39768852.7149143,-20580381.254914,-6472893.38421762,-18687473.1404347
"29","DIURON","SPAIN","75% drift - refined",551.3293076,3868.30582461805,50.518960615809,145.850033868985,160.623604950409,721.544512711194,5062.59109168733,66.1159824404914,190.87918992556,210.213894248379,35320360.7620864,247819144.348331,3236446.69289119,9343736.56978266,10290190.627543,4776.62773165325,-139.826464746748,0,931.15133361805,-481.870814849591,-151.556881884191,-437.550101631015,6251.34467101295,-182.995928531048,-6.40636699245078e-09,NA,-630.641682684421,-198.347947346709,-572.63756990884,306009879.000634,-8957842.61936599,0.00208640098571777,59653279.0483307,-30870571.882457,-9709340.07710881,-28031209.7102173
"30","DIURON","SPAIN","90% drift - refined",551.3293076,3868.30582461805,20.2075842463236,58.340013547594,64.2494419801636,721.544512711194,5062.59109168733,26.4463929761966,76.351675970224,84.0855576993514,35320360.7620864,247819144.348331,1294578.67715647,3737494.62791306,4116076.2510172,4562.43217199213,-354.02202440787,0,931.15133361805,-578.244977819836,-181.868258253676,-525.060121952406,5971.01923104429,-463.321368499705,-6.40636699245078e-09,1218.63127141533,-756.770019233448,-238.017536811003,-687.165083864176,292287654.666504,-22680066.9534962,0.00208640098571777,59653279.0483307,-37044686.2589828,-11651208.0928435,-33637451.6520869
"31","GLYPHOSATE","BRAZIL","original method",0.645762104362626,0.0451422974818811,0.0718008034860212,0.000755655497913584,8.54698271977416e-05,1.09781030174151,0.0784476620784353,0.122066443944149,0.00128466857136781,0.000145383526717189,16574051.042705,1171588.99865449,1842850.0205343,19394.772917526,2194.880821088,0.763546330655639,0.763546330655639,0.645762104362626,0.0451422974818811,8.54698271977416e-05,0.0718008034860212,0.000755655497913584,1.29975445986218,1.29975445986218,1.09781030174151,0.0784476620784353,0.000145383526717189,0.122066443944149,0.00128466857136781,19610079.7156324,19610079.7156324,16574051.042705,1171588.99865449,2194.880821088,1842850.0205343,19394.772917526
"32","GLYPHOSATE","BRAZIL","refined method - original",0.645762104362626,0.0446023147159759,0.128921980675536,0.0010286417122511,0.000406325477602137,1.10388320019667,0.0780354232860802,0.219989436360695,0.00175525008038209,0.000693343836716789,16653219.497102,1164509.08713492,3319658.8995265,26486.869967672,10462.617074271,0.820721366943991,0.0571750362883514,0,-0.000539982765905216,0.000320855650404395,0.0571211771895146,0.000272986214337511,1.40435665376054,0.104602193898366,0.00607289845516101,-0.00041223879235508,0.0005479603099996,0.097922992416546,0.000470581509014275,21174336.9708054,1564257.25517296,79168.4543970004,-7079.91151957004,8267.736253183,1476808.8789922,7092.097050146
"33","GLYPHOSATE","BRAZIL","50% drift - refined",0.645762104662721,0.0452535984130091,0.0644609901015274,0.000514320874909379,0.000203162637155162,1.0978103016934,0.0786411099493272,0.109579429607366,0.000874311549030886,0.000345363077140562,16574051.0416605,1174477.74838989,1654415.59942255,13200.2390471903,5214.24563290036,0.756194176689322,-0.0645271902546691,3.00094948890717e-10,0.000651283697033184,-0.000203162840446975,-0.0644609905740084,-0.000514320837341717,1.28725051587626,-0.117106137884283,-0.00607289850327342,0.000605686663246993,-0.000347980759576226,-0.110410006753329,-0.000880938531351199,19421358.874153,-1752978.09665234,-79168.455441514,9968.66125497431,-5248.37144137064,-1665243.30010395,-13286.6309204817
"34","GLYPHOSATE","BRAZIL","75% drift - refined",0.645762104662721,0.045579240064687,0.0322304950507637,0.000257160437454689,0.000101581318577581,1.0978103016934,0.0792069642993659,0.0547897148036829,0.000437155774515443,0.000172681538570281,16574051.0416605,1182929.04060465,827207.799711275,6600.11952359516,2607.12281645018,0.723930581534204,-0.0967907854097869,3.00094948890717e-10,0.000976925348711147,-0.000304744159024556,-0.0966914856247721,-0.000771481274796406,1.23241681810953,-0.171939835651013,-0.00607289850327342,NA,-0.000520662298146507,-0.165199721557012,-0.00131809430586664,18593395.1243165,-2580941.84648891,-79168.455441514,18419.953469727,-7855.49425782082,-2492451.09981523,-19886.7504440768
"35","GLYPHOSATE","BRAZIL","90% drift - refined",0.645762104662721,0.045579240064687,0.0128921980203055,0.000102864174981876,4.06325274310323e-05,1.0978103016934,0.0792069642993659,0.0219158859214732,0.000174862309806177,6.90726154281124e-05,16574051.0416605,1182929.04060465,330883.11988451,2640.04780943806,1042.84912658007,0.704377039450126,-0.116344327493865,3.00094948890717e-10,0.000976925348711147,-0.000365692950171105,-0.11602978265523,-0.00092577753726922,1.19917708683947,-0.205179566921074,-0.00607289850327342,0.0011715410132857,-0.000624271221288676,-0.198073550439222,-0.00158038777057591,18091546.0990857,-3082790.8717197,-79168.455441514,18419.953469727,-9419.76794769093,-2988775.77964199,-23846.8221582339
"36","GLYPHOSATE","SPAIN","original method",0.646069092,0.05062608,0.064147126,0.000757535,8.55e-05,1.63234550031942,0.127910859183101,0.162072870561633,0.00191397371818162,0.000216141620740656,1122565.722,87964.43326,111457.6844,1316.241236,148.6403703,0.761685333,0.761685333,0.646069092,0.05062608,8.55e-05,0.064147126,0.000757535,1.92445934540308,1.92445934540308,1.63234550031942,0.127910859183101,0.000216141620740656,0.162072870561633,0.00191397371818162,1323452.7212663,1323452.7212663,1122565.722,87964.43326,148.6403703,111457.6844,1316.241236
"37","GLYPHOSATE","SPAIN","refined method - original",0.646069092,0.036185808,0.919558924,0.007197518,0.007915545,1.63234550031942,0.091426352610241,2.32333954685907,0.0181851067891852,0.0199992617007918,1122565.722,62873.9994,1597763.057,12505.91763,13753.51344,1.616926887,0.855241554,0,-0.014440272,0.007830045,0.855411798,0.006439983,4.08529576827871,2.16083642287563,0,-0.0364845065728603,0.0197831200800511,2.16126667629743,0.0162711330710036,2809462.20947,1486009.4882037,0,-25090.43386,13604.8730697,1486305.3726,11189.676394
"38","GLYPHOSATE","SPAIN","50% drift - refined",0.6460690923,0.043833678036,0.459779461974,0.00359875895279663,0.00395777270637,1.63234550044548,0.110749311432492,1.16166977324153,0.00909255380546464,0.00999963091568091,1122565.72241262,76162.4182876647,798881.528357751,6252.95884261113,6876.75672806858,1.15723876396917,-0.459688123030833,3.00000024822111e-10,0.007647870036,-0.00395777229363,-0.459779462026,-0.00359875904720337,2.92385676984064,-1.16143899843807,1.26053167903706e-10,0.0193229588222513,-0.00999963078511086,-1.16166977361754,-0.00909255298372059,2010739.38462871,-798722.824841286,0.000412618741393089,13288.4188876647,-6876.75671193142,-798881.52864225,-6252.95878738887
"39","GLYPHOSATE","SPAIN","75% drift - refined",0.6460690923,0.047657613018,0.229889730987,0.00179937947639832,0.001978886353185,1.63234550044548,0.120410790578078,0.580834886620764,0.00454627690273232,0.00499981545784046,1122565.72241262,82806.6276867648,399440.764178875,3126.47942130556,3438.37836403429,0.927394702134583,-0.689532184865417,3.00000024822111e-10,0.011471805018,-0.005936658646815,-0.689669193013,-0.00539813852360168,2.34313727000489,-1.74215849827382,1.26053167903706e-10,NA,-0.0149994462429513,-1.7425046602383,-0.0136388298864529,1611377.9720636,-1198084.2374064,0.000412618741393089,19932.6282867648,-10315.1350759657,-1198322.29282112,-9379.43820869444
"40","GLYPHOSATE","SPAIN","90% drift - refined",0.6460690923,0.047657613018,0.0919558923948,0.000719751790559326,0.000791554541274,1.63234550044548,0.120410790578078,0.232333954648306,0.00181851076109293,0.00199992618313618,1122565.72241262,82806.6276867648,159776.30567155,1250.59176852223,1375.35134561372,0.787193904044633,-0.829732982955367,3.00000024822111e-10,0.011471805018,-0.007123990458726,-0.8276030316052,-0.00647776620944067,1.98890868261609,-2.09638708566262,1.26053167903706e-10,0.0289844379678367,-0.0179993355176556,-2.09100559221076,-0.0163665960280923,1367774.59888507,-1441687.61058493,0.000412618741393089,19932.6282867648,-12378.1620943863,-1437986.75132845,-11255.3258614778
"41","IMIDACLOPRID","BRAZIL","original method",36.69631272,91.6573067536415,0.836817811,5.977864697,0.677508791,0.284594919109867,0.683937891291588,0.00648986451473346,0.0463607865059519,0.00525435787045006,33753415.222075,82669133.487345,769708.36968213,5498463.8596568,623175.29621211,135.845810772641,135.845810772641,36.69631272,91.6573067536415,0.677508791,0.836817811,5.977864697,1.02663781929259,1.02663781929259,0.284594919109867,0.683937891291588,0.00525435787045006,0.00648986451473346,0.0463607865059519,123313896.234971,123313896.234971,33753415.222075,82669133.487345,623175.29621211,769708.36968213,5498463.8596568
"42","IMIDACLOPRID","BRAZIL","refined method - original",36.69631272,90.5599676299778,1.503068829,8.140226794,3.22024419,0.284594919109867,0.675749653625449,0.0116569137399167,0.0631307892908059,0.0249743112300169,33753415.222075,81679402.513526,1382528.72115408,7487413.1653759,2961993.4871599,140.119820162978,4.27400939033635,0,-1.09733912366364,2.542735399,0.666251018,2.162362097,1.06010658699606,0.0334687677034651,0,-0.00818823766613919,0.0197199533595669,0.00516704922518325,0.0167700027848539,127264753.109291,3950856.87431984,0,-989730.973819003,2338818.19094779,612820.35147195,1988949.3057191
"43","IMIDACLOPRID","BRAZIL","50% drift - refined",36.69631272,91.8830397135863,0.751534414360199,4.07011339602534,1.61012209475828,0.284594919028551,0.685622288632211,0.0058284568652436,0.0315653946274429,0.0124871556082546,33753415.2144139,82872730.4424487,691264.360247177,3743706.5809317,1480996.74277787,135.01112233873,-5.10869782424766,0,1.32307208360852,-1.61012209524172,-0.751534414639801,-4.07011339797466,1.0200982147617,-0.0400083722343527,-8.13161205037716e-11,0.00987263500676205,-0.0124871556217623,-0.00582845687467312,-0.031565394663363,122542113.340819,-4722639.76847155,-0.0076611340045929,1193327.92892271,-1480996.74438203,-691264.360906903,-3743706.58444421
"44","IMIDACLOPRID","BRAZIL","75% drift - refined",36.69631272,92.5445757622021,0.375767207180099,2.03505669801267,0.805061047379139,0.284594919028551,0.690558606162394,0.0029142284326218,0.0157826973137214,0.0062435778041273,33753415.2144139,83469394.4057415,345632.180123589,1871853.29046585,740498.371388934,132.456773434774,-7.6630467282038,0,1.98460813222428,-2.41518314262086,-1.1273016218199,-6.10517009598733,1.00009402874142,-0.0600125582546405,-8.13161205037716e-11,NA,-0.0187307334258896,-0.00874268530729492,-0.0473480919770844,120180793.462134,-7083959.64715716,-0.0076611340045929,1789991.89221549,-2221495.11577097,-1036896.54103049,-5615559.87491005
"45","IMIDACLOPRID","BRAZIL","90% drift - refined",36.69631272,92.5445757622021,0.15030688287204,0.814022679205068,0.322024418951656,0.284594919028551,0.690558606162394,0.00116569137304872,0.00631307892548857,0.00249743112165092,33753415.2144139,83469394.4057415,138252.872049435,748741.316186339,296199.348555573,130.527242463231,-9.59257769974695,0,1.98460813222428,-2.89821977104834,-1.35276194612796,-7.32620411479493,0.985129726611133,-0.0749768603849229,-8.13161205037716e-11,0.0148089525369447,-0.022476880108366,-0.010491222366868,-0.0568177103653173,118406003.156947,-8858749.95234416,-0.0076611340045929,1789991.89221549,-2665794.13860433,-1244275.84910464,-6738671.84918956
"46","LAMBDA-CYHALOTHRIN","BRAZIL","original method",55534.8180579579,1871.91705274496,36468.2737677515,122.543068525185,13.8873536655296,44.9327288277498,1.47805478541281,29.5071294282106,0.0991517779485877,0.0112365050477936,27959178121.7205,930545251.87124,18360354120.0347,61695657.614831,6991741.169168,94011.4393006451,94011.4393006451,55534.8180579579,1871.91705274496,13.8873536655296,36468.2737677515,122.543068525185,76.0283013243695,76.0283013243695,44.9327288277498,1.47805478541281,0.0112365050477936,29.5071294282106,0.0991517779485877,47318764892.4104,47318764892.4104,27959178121.7205,930545251.87124,6991741.169168,18360354120.0347,61695657.614831
"47","LAMBDA-CYHALOTHRIN","BRAZIL","refined method - original",55534.8180579579,1849.51958414244,65478.4052522859,166.806937406199,65.9824291454614,45.4382378097479,1.47346551033618,53.3830827654165,0.135993974059965,0.0537940022023655,28240940036.5755,926709799.17099,33191942794.2515,84556829.105634,33447439.7359565,123095.532260938,29084.0929602928,0,-22.3974686025217,52.0950754799318,29010.1314845344,44.2638688810133,100.484574061763,24.4562727373934,0.505508981998133,-0.00458927507663742,0.0425574971545719,23.8759533372059,0.0368421961113776,62477596898.8396,15158832006.4291,281761914.855,-3835452.70025003,26455698.5667885,14831588674.2168,22861171.490803
"48","LAMBDA-CYHALOTHRIN","BRAZIL","50% drift - refined",55534.8180579657,1876.53078550473,32739.2026236793,83.4034686779253,32.9912145687408,44.9327290205952,1.48169855499788,26.4873814211286,0.0674768873301622,0.0266912696033868,27959178239.3848,932839014.258836,16482176188.0047,41988520.03946,16609048.712291,90266.9461503964,-32828.5861105415,7.82893039286137e-09,27.0112013622927,-32.9912145767206,-32739.2026286066,-83.4034687282732,72.9959771536552,-27.4885969081077,-0.505508789152735,0.00823304466170516,-0.0271027325989788,-26.8957013442879,-0.0685170867298031,45432791010.4001,-17044805888.4395,-281761797.19075,6129215.0878458,-16838391.0236655,-16709766606.2468,-42568309.066174
"49","LAMBDA-CYHALOTHRIN","BRAZIL","75% drift - refined",55534.8180579657,1890.03638614599,16369.6013118396,41.7017343389627,16.4956072843704,44.9327290205952,1.49236141161129,13.2436907105643,0.0337384436650811,0.0133456348016934,27959178239.3848,939552434.498914,8241088094.00236,20994260.01973,8304524.35614549,73852.6530975747,-49242.8791633632,7.82893039286137e-09,40.5168020035501,-49.486821861091,-49108.8039404463,-125.105203067236,59.7158652212375,-40.7687088405254,-0.505508789152735,NA,-0.0404483674006721,-40.1393920548522,-0.102255530394884,37169117552.2619,-25308479346.5777,-281761797.19075,12842635.3279245,-25142915.379811,-24950854700.2491,-63562569.085904
"50","LAMBDA-CYHALOTHRIN","BRAZIL","90% drift - refined",55534.8180579657,1890.03638614599,6547.84052473586,16.6806937355851,6.59824291374816,44.9327290205952,1.49236141161129,5.29747628422572,0.0134953774660324,0.00533825392067735,27959178239.3848,939552434.498914,3296435237.60094,8397704.00789199,3321809.74245819,63995.9739054969,-59099.558355441,7.82893039286137e-09,40.5168020035501,-59.3841862317132,-58930.5647275501,-150.126243670613,51.7414003478189,-48.743173713944,-0.505508789152735,0.0188959012751102,-0.0484557482816882,-48.0856064811908,-0.122498596593933,32206885425.235,-30270711473.6046,-281761797.19075,12842635.3279245,-30125629.9934983,-29895507556.6506,-76159125.097742
"51","LAMBDA-CYHALOTHRIN","SPAIN","original method",55563.81466,8221.643649,32582.03599,122.8520853,13.89275314,8.85491482610676,1.31024039113355,5.19242883776512,0.0195782949502602,0.00221401548254909,68954693.99,10203059.77,40434306.66,152459.4379,17240.90665,96504.23913744,96504.23913744,55563.81466,8221.643649,13.89275314,32582.03599,122.8520853,15.3793763654382,15.3793763654382,8.85491482610676,1.31024039113355,0.00221401548254909,5.19242883776512,0.0195782949502602,119761760.76455,119761760.76455,68954693.99,10203059.77,17240.90665,40434306.66,152459.4379
"52","LAMBDA-CYHALOTHRIN","SPAIN","refined method - original",55563.81466,5876.552588,467068.4993,1167.246564,1285.479622,8.85491482610676,0.936515481485252,74.4342663546309,0.186017986068646,0.204860170843094,68954693.99,7292801.761,579632007.7,1448552.986,1595280.211,530961.592734,434457.35359656,0,-2345.091061,1271.58686886,434486.46331,1044.3944787,84.6165748191346,69.2371984536964,0,-0.373724909648299,0.202646155360545,69.2418375168658,0.166439691118386,658923336.648,539161575.88345,0,-2910258.009,1578039.30435,539197701.04,1296093.5481
"53","LAMBDA-CYHALOTHRIN","SPAIN","50% drift - refined",55563.81466,7118.5618841042,233534.24968734,583.623281873122,642.739810936577,8.8549145463126,1.13444797773682,37.2171319998897,0.0930089901107054,0.102430082170973,68954691.8082908,8834135.01827146,289815994.679422,724276.469856478,797640.080099762,297442.989324254,-233518.603409746,7.27595761418343e-12,1242.0092961042,-642.739811063424,-233534.24961266,-583.623282126878,47.4019335962208,-37.2146412229139,-2.79794164725899e-07,0.197932496251572,-0.102430088672121,-37.2171343547412,-0.0930089959579409,369126738.055941,-289796598.592059,-2.18170917034149,1541333.25727146,-797640.130900238,-289816013.020578,-724276.516143522
"54","LAMBDA-CYHALOTHRIN","SPAIN","75% drift - refined",55563.81466,7739.5665323521,116767.12484367,291.811640936561,321.369905468288,8.8549145463126,1.23341424070395,18.6085659999448,0.0465044950553527,0.0512150410854864,68954691.8082908,9604801.7623292,144907997.339711,362138.234928239,398820.040049881,180683.687582427,-350277.905151573,7.27595761418343e-12,1863.0139443521,-964.109716531712,-350301.37445633,-875.434923063439,28.7946143231022,-55.8219604960324,-2.79794164725899e-07,NA,-0.153645129757608,-55.825700354686,-0.139513491013294,224228449.185309,-434694887.462691,-2.18170917034149,2312000.0013292,-1196460.17095012,-434724010.360289,-1086414.75107176
"55","LAMBDA-CYHALOTHRIN","SPAIN","90% drift - refined",55563.81466,7739.5665323521,46706.849937468,116.724656374624,128.547962187315,8.8549145463126,1.23341424070395,7.44342639997793,0.0186017980221411,0.0204860164341945,68954691.8082908,9604801.7623292,57963198.9358845,144855.293971295,159528.016019952,110255.503748382,-420706.088985618,7.27595761418343e-12,1863.0139443521,-1156.93165981268,-420361.649362532,-1050.52190762538,17.5708430014508,-67.0457318176838,-2.79794164725899e-07,0.296898759218696,-0.1843741544089,-66.9908399546529,-0.167416188046505,136827075.816496,-522096260.831504,-2.18170917034149,2312000.0013292,-1435752.19498005,-521668808.764116,-1303697.6920287
"56","MANCOZEB","BRAZIL","original method",259.2306738,833.623949418506,13.85516683,12.97211435,6.174496704,279.729601301854,909.267796954042,14.9507781417172,13.997897397183,6.66275126986034,141165359.57151,450653489.0368,7544900.370642,7064029.727426,3362353.052975,1125.85640110251,1125.85640110251,259.2306738,833.623949418506,6.174496704,13.85516683,12.97211435,1224.60882506466,1224.60882506466,279.729601301854,909.267796954042,6.66275126986034,14.9507781417172,13.997897397183,609790131.759353,609790131.759353,141165359.57151,450653489.0368,3362353.052975,7544900.370642,7064029.727426
"57","MANCOZEB","BRAZIL","refined method - original",259.2306738,823.643641018591,24.88626449,17.66449362,29.34779208,279.729601301854,898.381865810078,26.8541710051182,19.0613312989066,31.6684983949667,141165359.57151,445258177.7023,13551939.76157,9619288.321453,15981486.917385,1154.77286500859,28.9164639060855,0,-9.98030839991463,23.173295376,11.03109766,4.69237927,1255.69546781092,31.0866427462668,0,-10.8859311439639,25.0057471251063,11.903392863401,5.06343390172353,625576252.274218,15786120.5148649,0,-5395311.33449996,12619133.86441,6007039.390928,2555258.594027
"58","MANCOZEB","BRAZIL","50% drift - refined",259.2306738,835.676992601036,12.4431322448994,8.83224680609079,14.673896039734,279.729601260038,911.507135393261,13.4270854998319,9.5306656464742,15.8342491957294,141165359.564038,451763355.324178,6775969.87927941,4809644.15924816,7990743.45751428,1130.85694149176,-23.9159235168308,5.6843418860808e-14,12.0333515824449,-14.673896040266,-12.4431322451006,-8.83224681390921,1230.02873699533,-25.6667308155893,-4.18162358073459e-08,13.1252695831827,-15.8342491992372,-13.4270855052863,-9.53066565243236,612505072.384258,-13071179.8899599,-0.00747179985046387,6505177.62187809,-7990743.45987072,-6775969.88229059,-4809644.16220484
"59","MANCOZEB","BRAZIL","75% drift - refined",259.2306738,841.693668337142,6.22156612244972,4.4161234030454,7.33694801986701,279.729601260038,918.06977013535,6.71354274991596,4.7653328232371,7.9171245978647,141165359.564038,455015944.114472,3387984.93963971,2404822.07962408,3995371.72875714,1118.8989796825,-35.8738853260872,5.6843418860808e-14,18.0500273185507,-22.010844060133,-18.6646983675503,-13.2483702169546,1217.19537156641,-38.5000962445183,-4.18162358073459e-08,NA,-23.751373797102,-20.1406282552022,-14.2959984756695,605969482.426531,-19606769.8476869,-0.00747179985046387,9757766.41217202,-11986115.1886279,-10163954.8219303,-7214466.24182892
"60","MANCOZEB","BRAZIL","90% drift - refined",259.2306738,841.693668337142,2.48862644897989,1.76644936121816,2.9347792079468,279.729601260038,918.06977013535,2.68541709996638,1.90613312929484,3.16684983914588,141165359.564038,455015944.114472,1355193.97585588,961928.831849631,1598148.69150285,1108.11419715529,-46.6586678533047,5.6843418860808e-14,18.0500273185507,-26.4130128720532,-22.3976380410201,-15.8980442587818,1205.55777146379,-50.1376963471289,-4.18162358073459e-08,19.6879043252715,-28.5016485558208,-24.1687539051518,-17.1551981696117,600096575.177718,-25479677.0964996,-0.00747179985046387,9757766.41217202,-14383338.2258821,-12196745.7857141,-8657359.48960337
"61","MANCOZEB","SPAIN","original method",259.2306738,3654.02819,12.37388139,12.99977175,6.174496704,101.755684064294,1434.31381984748,4.85711334587967,5.10279376759983,2.42367203911846,1867757.005,26327273.11,89153.81543,93663.35543,44487.24875,3944.807013644,3944.807013644,259.2306738,3654.02819,6.174496704,12.37388139,12.99977175,1548.45308306437,1548.45308306437,101.755684064294,1434.31381984748,2.42367203911846,4.85711334587967,5.10279376759983,28422334.53461,28422334.53461,1867757.005,26327273.11,44487.24875,89153.81543,93663.35543
"62","MANCOZEB","SPAIN","refined method - original",259.2306738,2611.775665,177.3814937,123.5138896,571.3187017,101.755684064294,1025.19896861787,69.6274671585043,48.4828440216021,224.259438340529,1867757.005,18817843.67,1278033.662,889917.5743,4116351.246,3743.2204238,-201.586589844,0,-1042.252525,565.144204996,165.00761231,110.51411785,1469.3244022028,-79.1286808615721,0,-409.11485122961,221.835766301411,64.7703538126247,43.3800502540022,26969903.1573,-1452431.37731,0,-7509429.44,4071863.99725,1188879.84657,796254.21887
"63","MANCOZEB","SPAIN","50% drift - refined",259.2306738,3163.7744112583,88.6907468671434,61.7569447797894,285.65935086958,101.755684033793,1241.87475435324,34.8137335857752,24.2414220037593,112.129719150479,1867757.00434015,22794994.6283704,639016.831044732,444958.787045747,2058175.62258683,3859.11212757481,115.891703774812,5.6843418860808e-14,551.998746258299,-285.65935083042,-88.6907468328566,-61.7569448202106,1514.81531312705,45.4909109242494,-3.05004874689985e-08,216.675785735372,-112.12971919005,-34.8137335727292,-24.2414220178428,27804902.8733879,834999.716087852,-0.000659845769405365,3977150.95837038,-2058175.62341317,-639016.830955268,-444958.787254253
"64","MANCOZEB","SPAIN","75% drift - refined",259.2306738,3439.77378407915,44.3453734335717,30.8784723898947,142.82967543479,101.755684033793,1350.21264725225,17.4068667928876,12.1207110018797,56.0648595752396,1867757.00434015,24783570.1091306,319508.415522366,222479.393522874,1029087.81129342,3917.05797913741,173.837555337406,5.6843418860808e-14,827.99811907915,-428.48902626521,-133.036120266428,-92.6354172101053,1537.56076865605,68.2363664532563,-3.05004874689985e-08,NA,-168.19457876529,-52.2206003656167,-36.3621330197224,28222402.7338094,1252499.57650942,-0.000659845769405365,5965726.43913061,-3087263.43470658,-958525.246477634,-667438.180777126
"65","MANCOZEB","SPAIN","90% drift - refined",259.2306738,3439.77378407915,17.7381493734287,12.3513889559579,57.1318701739159,101.755684033793,1350.21264725225,6.96274671715504,4.84828440075186,22.4259438300958,1867757.00434015,24783570.1091306,127803.366208946,88991.7574091494,411635.124517366,3786.22586638245,43.0054425824524,5.6843418860808e-14,827.99811907915,-514.186831526084,-159.643344326571,-111.162500644042,1486.20530623405,16.8809040312524,-3.05004874689985e-08,325.013678634386,-201.833494510433,-62.6647204413493,-43.6345596208502,27279757.3616062,309854.20430623,-0.000659845769405365,5965726.43913061,-3704716.12148263,-1150230.29579105,-800925.816890851
"66","METSULFURON-M","BRAZIL","original method",98.22903901,415.940248112986,5.617227024,10.19602125,1.155182622,0.00263652546381043,0.0150135083913333,0.0001507696934478,0.000273667236924283,3.10057854635415e-05,224256.896076,1119580.501771,12824.1292952,23277.5165048,2637.28192613,531.137718018987,531.137718018987,98.22903901,415.940248112986,1.155182622,5.617227024,10.19602125,0.0181054765709793,0.0181054765709793,0.00263652546381043,0.0150135083913333,3.10057854635415e-05,0.0001507696934478,0.000273667236924283,1382576.32557313,1382576.32557313,224256.896076,1119580.501771,2637.28192613,12824.1292952,23277.5165048
"67","METSULFURON-M","BRAZIL","refined method - original",98.22903901,410.960530424429,10.08950662,13.88420942,5.490659569,0.00263652546381043,0.0148337637457584,0.000270808320719757,0.0003726603867193,0.000147372548201652,224256.896076,1106176.666005,23034.3436167,31697.6501069,12535.1757953,538.653945043429,7.51622702444217,0,-4.97971768855774,4.335476947,4.472279596,3.68818817,0.0182611304652095,0.000155653894230178,0,-0.000179744645574905,0.000116366762738111,0.000120038627271957,9.89931497950166e-05,1397700.7315999,15124.4060267699,0,-13403.835766,9897.89386917,10210.2143215,8420.1336021
"68","METSULFURON-M","BRAZIL","50% drift - refined",98.22903901,416.964622801916,5.04475330992781,6.94210470944015,2.74532978375358,0.00263652549559166,0.015050483718509,0.000135404162095498,0.000186330195673019,7.36862748696604e-05,224256.900371888,1122337.81866534,11517.1720280198,15848.8253563964,6267.58801682392,529.925849615038,-8.7280954283907,1.4210854715202e-14,6.00409237748772,-2.74532978524642,-5.04475331007219,-6.94210471055985,0.0180824298467389,-0.000178700618470636,3.17812221851954e-11,0.000216719972750672,-7.3686273331992e-05,-0.000135404158624259,-0.000186330191046281,1380228.30443847,-17472.4271614342,0.00429588835686445,16161.1526603373,-6267.58777847608,-11517.1715886802,-15848.8247505036
"69","METSULFURON-M","BRAZIL","75% drift - refined",98.22903901,419.966668988468,2.52237665496391,3.47105235472008,1.37266489187679,0.00263652549559166,0.015158843624319,6.77020810477492e-05,9.31650978365093e-05,3.68431374348302e-05,224256.900371888,1130418.38422005,5758.58601400989,7924.41267819819,3133.79400841196,525.561801900029,-13.0921431434001,1.4210854715202e-14,9.00613856403925,-4.11799467712321,-7.5671299650361,-10.4131570652799,0.0179930794362297,-0.000268051028979761,3.17812221851954e-11,NA,-0.000110529410766822,-0.000203106239672008,-0.000279495288882791,1371492.07729256,-26208.6543073421,0.00429588835686445,24241.7182150495,-9401.38178688804,-17275.7576026901,-23773.2374287018
"70","METSULFURON-M","BRAZIL","90% drift - refined",98.22903901,419.966668988468,1.00895066198556,1.38842094188803,0.549065956750717,0.00263652549559166,0.015158843624319,2.70808324190997e-05,3.72660391346037e-05,1.47372549739321e-05,224256.900371888,1130418.38422005,2303.43440560395,3169.76507127928,1253.51760336478,521.142145559092,-17.5117994843365,1.4210854715202e-14,9.00613856403925,-4.94159361224928,-9.08055595801444,-12.495788478112,0.0178744532464383,-0.000386677218771211,3.17812221851954e-11,0.00032507987856064,-0.00013263529322772,-0.000243727488300658,-0.000335394347584696,1361402.00167219,-36298.729927714,0.00429588835686445,24241.7182150495,-11281.6581919352,-20730.909211096,-28527.8850356207
"71","PARAQUAT","BRAZIL","original method",752.5230182,1692.56754368484,31.19364939,70.32549881,7.969705475,78.4718529853282,244.461840808529,3.25282205278561,7.33342644663181,0.83106767655978,2593037043.4582,6911365173.0287,107486796.33696,242326970.87447,27461939.396766,2554.57941555984,2554.57941555984,752.5230182,1692.56754368484,7.969705475,31.19364939,70.32549881,334.351009969835,334.351009969835,78.4718529853282,244.461840808529,0.83106767655978,3.25282205278561,7.33342644663181,9881677923.0951,9881677923.0951,2593037043.4582,6911365173.0287,27461939.396766,107486796.33696,242326970.87447
"72","PARAQUAT","BRAZIL","refined method - original",752.5230182,1672.30379530931,56.02916364,95.76421326,37.88053836,78.4718529853282,241.535096048647,5.84262831240006,9.98613342224337,3.95011975045216,2593037043.4582,6828620963.8566,193064787.81558,329983464.19353,130528418.1419,2614.50072876931,59.9213132094619,0,-20.2637483755389,29.910832885,24.83551425,25.43871445,339.78583051907,5.43482054923561,0,-2.92674475988275,3.11905207389238,2.58980625961444,2.65270697561156,10075234677.4658,193556754.370712,0,-82744209.1721001,103066478.745134,85577991.47862,87656493.31906
"73","PARAQUAT","BRAZIL","50% drift - refined",752.5230182,1696.73598692894,28.0145818158613,47.8821066210296,18.940269173802,78.4718530162846,245.063899666132,2.92131415704109,4.99306671291335,1.97505987557771,2593037045.08876,6928386433.97686,96532393.9524888,164991732.162831,65264209.0990076,2544.09596273964,-70.4047660296696,0,24.4321916196382,-18.940269186198,-28.0145818241387,-47.8821066389704,333.425193427949,-6.36063709112148,3.09563716882622e-08,3.52880361748561,-1.97505987487445,-2.92131415535897,-4.99306670933002,9848211814.27994,-227022863.185869,1.63055658340454,99765470.1202583,-65264209.0428924,-96532393.8630912,-164991732.030699
"74","PARAQUAT","BRAZIL","75% drift - refined",752.5230182,1708.95208278119,14.0072909079307,23.9410533105148,9.47013458690098,78.4718530162846,246.828301500778,1.46065707852055,2.49653335645667,0.987529937788854,2593037045.08876,6978269169.6711,48266196.9762444,82495866.0814154,32632104.5495038,2508.89357978654,-105.607148982768,0,36.6482874718863,-28.410403773099,-42.0218727320693,-71.8231599494852,330.244874889829,-9.54095562924152,3.09563716882622e-08,NA,-2.9625898126633,-4.38197123387951,-7.48960006578669,9734700382.36702,-340534295.098793,1.63055658340454,149648205.814497,-97896313.5923962,-144798590.839336,-247487598.112115
"75","PARAQUAT","BRAZIL","90% drift - refined",752.5230182,1708.95208278119,5.60291636317227,9.57642132420593,3.78805383476039,78.4718530162846,246.828301500778,0.584262831408218,0.99861334258267,0.395011975115541,2593037045.08876,6978269169.6711,19306478.7904978,32998346.4325662,13052841.8198015,2480.44249250333,-134.058236265976,0,36.6482874718863,-34.0924845252396,-50.4262472768277,-86.1877919357941,327.278042666169,-12.5077878529012,3.09563716882622e-08,5.29320545213159,-3.55510777533662,-5.25836548099184,-8.9875200796607,9636663881.80272,-438570795.663092,1.63055658340454,149648205.814497,-117475576.322098,-173758309.025082,-296985117.760964
"76","PHOSMET","SPAIN","original method",1683.481631,679.4184927,307.7141508,10.152262,1.14806647,1158.21538200834,467.431859373494,211.703683668973,6.98463576178819,0.789856105573303,61495900.49,24818478.12,11240490.21,370851.9785,41937.72007,2681.91460297,2681.91460297,1683.481631,679.4184927,1.14806647,307.7141508,10.152262,1845.12541691817,1845.12541691817,1158.21538200834,467.431859373494,0.789856105573303,211.703683668973,6.98463576178819,97967658.51857,97967658.51857,61495900.49,24818478.12,41937.72007,11240490.21,370851.9785
"77","PHOSMET","SPAIN","refined method - original",1683.481631,485.6253411,4411.1297,96.45902956,106.2292,1158.21538200834,334.104471095101,3034.80488024372,66.3626675168576,73.084428796398,61495900.49,17739408.09,161134156.8,3523551.891,3880446.445,6782.92490166,4101.01029869,0,-193.7931516,105.08113353,4103.4155492,86.30676756,4666.57182966041,2821.44641274225,0,-133.327388278393,72.2945726908247,2823.10119657474,59.3780317550694,247773463.716,149805805.19743,0,-7079070.03,3838508.72493,149893666.59,3152699.9125
"78","PHOSMET","SPAIN","50% drift - refined",1683.481631,588.26224928215,2205.56485045764,48.2295147789985,53.1145999768624,1158.21538248425,404.717445980479,1517.40244136148,33.1813337776702,36.5422144173663,61495900.5324686,21488631.7157929,80567078.4664784,1761775.94632663,1940223.2236171,4578.65284549565,-2204.27205616435,-4.54747350886464e-13,102.63690818215,-53.1146000231376,-2205.56484954236,-48.2295147810015,3150.05881802125,-1516.51301163916,4.75909928354667e-07,70.6129748853778,-36.5422143790316,-1517.40243888223,-33.1813337391875,167253609.884684,-80519853.8313163,0.0424686223268509,3749223.62579291,-1940223.2213829,-80567078.3335216,-1761775.94467337
"79","PHOSMET","SPAIN","75% drift - refined",1683.481631,639.580703366075,1102.78242522882,24.1147573894993,26.5572999884312,1158.21538248425,440.023933340253,758.701220680742,16.5906668888351,18.2711072086832,61495900.5324686,23363243.526051,40283539.2332392,880887.973163313,970111.611808549,3476.51681697283,-3306.40808468718,-4.54747350886464e-13,153.955362266075,-79.6719000115688,-3308.34727477118,-72.3442721705007,2391.80231060276,-2274.76951905765,4.75909928354667e-07,NA,-54.8133215877148,-2276.10365956297,-49.7720006280226,126993682.876731,-120779780.839269,0.0424686223268509,5623835.43605097,-2910334.83319145,-120850617.566761,-2642663.91783669
"80","PHOSMET","SPAIN","90% drift - refined",1683.481631,639.580703366075,441.112970091528,9.6459029557997,10.6229199953725,1158.21538248425,440.023933340253,303.480488272297,6.63626675553403,7.30844288347326,61495900.5324686,23363243.526051,16113415.6932957,352355.189265325,388044.644723419,2784.44412740877,-3998.48077425123,-4.54747350886464e-13,153.955362266075,-95.6062800046275,-3970.01672990847,-86.8131266042003,1915.66451373581,-2750.90731592461,4.75909928354667e-07,105.919462245152,-65.7759859129247,-2731.32439197142,-59.7264007613236,101712959.585804,-146060504.130196,0.0424686223268509,5623835.43605097,-3492401.80027658,-145020741.106704,-3171196.70173467
"81","PROTHIOCONAZOLE","BRAZIL","original method",19.78658822,0.335769802745734,2.063301482,0.008463216,0.002061022,0.0941567615660682,0.00159428788504034,0.00981845800626658,4.02731990888594e-05,9.80762081852995e-06,43415415.287061,735939.70987514,4527263.0984987,18569.853649805,4522.260997024,22.1961837427457,22.1961837427457,19.78658822,0.335769802745734,0.002061022,2.063301482,0.008463216,0.105619588277282,0.105619588277282,0.0941567615660682,0.00159428788504034,9.80762081852995e-06,0.00981845800626658,4.02731990888594e-05,48701710.2100817,48701710.2100817,43415415.287061,735939.70987514,4522.260997024,4527263.0984987,18569.853649805
"82","PROTHIOCONAZOLE","BRAZIL","refined method - original",19.78658822,0.331749901604733,3.706044615,0.0115246,0.009796173,0.0941567615660682,0.00157520075592447,0.0176356406397432,5.48411420731494e-05,4.66162224068562e-05,43415415.287061,727128.89626993,8131743.7978797,25287.092949173,21494.606256284,23.8457035096047,1.649519766859,0,-0.00401990114100087,0.007735151,1.642743133,0.003061384,0.113469060326216,0.00784947204893337,0,-1.90871291158715e-05,3.68086015883262e-05,0.00781718263347664,1.456794298429e-05,52321069.6804161,3619359.47033442,0,-8810.81360521005,16972.34525926,3604480.699381,6717.239299368
"83","PROTHIOCONAZOLE","BRAZIL","50% drift - refined",19.78658822,0.336596734364127,1.85302230717701,0.00576230000264878,0.0048980865443779,0.0941567616520915,0.00159821428739878,0.00881782032217751,2.74205690179996e-05,2.33081096236765e-05,43415415.3258882,737752.178828705,4065871.90170096,12643.5464803625,10747.3031359375,21.9868676480882,-1.85883586151658,0,0.00484683275939352,-0.0048980864556221,-1.85302230782299,-0.00576229999735121,0.104623524940309,-0.00884553538590642,8.60233134725163e-11,2.30135314743111e-05,-2.33081127831797e-05,-0.00881782031756571,-2.74205730551499e-05,48242430.2560341,-4078639.42438196,0.038827158510685,10623.2825587746,-10747.3031203465,-4065871.89617873,-12643.5464688105
"84","PROTHIOCONAZOLE","BRAZIL","75% drift - refined",19.78658822,0.339020150854507,0.926511153588504,0.00288115000132439,0.00244904327218895,0.0941567616520915,0.00160972105042951,0.00440891016108876,1.37102845089998e-05,1.16540548118383e-05,43415415.3258882,743063.819178886,2032935.95085048,6321.77324018126,5373.65156796877,21.0574497177165,-2.78825379188821,0,0.00727024924977426,-0.00734712972781105,-2.7795334614115,-0.0086434499986756,0.100200757202931,-0.0132683031232853,8.60233134725163e-11,NA,-3.49621675950179e-05,-0.0132267304786545,-4.11308575641497e-05,46203110.5207257,-6117959.15969042,0.038827158510685,15934.922908956,-16120.9546883152,-6098807.84702922,-18965.3197089917
"85","PROTHIOCONAZOLE","BRAZIL","90% drift - refined",19.78658822,0.339020150854507,0.370604461435401,0.00115246000052976,0.00097961730887558,0.0941567616520915,0.00160972105042951,0.0017635640644355,5.48411380359992e-06,4.6616219247353e-06,43415415.3258882,743063.819178886,813174.380340193,2528.7092960725,2149.46062718751,20.4983449095993,-3.34735860000542,0,0.00727024924977426,-0.00881655569112442,-3.3354401535646,-0.0103721399994702,0.0975401925026848,-0.015928867823531,8.60233134725163e-11,3.45202945050368e-05,-4.19546004821209e-05,-0.0158720765753077,-4.93570282695495e-05,44976331.6953305,-7344737.98508558,0.038827158510685,15934.922908956,-19345.1456290965,-7318569.41753951,-22758.3836531005
"86","TEBUCONAZOLE","SPAIN","original method",278.9158215,1009.181136,16.25221321,15.08485234,1.705292152,5.34036703382544,19.3226674587409,0.311179133466658,0.288827818031464,0.032651019782382,3610565.309,13063849.8,210384.9,195273.4135,22075.00691,1321.139315202,1321.139315202,278.9158215,1009.181136,1.705292152,16.25221321,15.08485234,25.2956924638468,25.2956924638468,5.34036703382544,19.3226674587409,0.032651019782382,0.311179133466658,0.288827818031464,17102148.42941,17102148.42941,3610565.309,13063849.8,22075.00691,210384.9,195273.4135
"87","TEBUCONAZOLE","SPAIN","refined method - original",278.9158215,721.3285161,232.9779771,143.3247308,157.7886174,5.34036703382544,13.8111886490389,4.4608007586421,2.7442210462057,3.02115931084456,3610565.309,9337597.641,3015899.913,1855338.64,2042573.653,1534.3356629,213.196347698,0,-287.8526199,156.083325248,216.72576389,128.23987846,29.3777367985567,4.0820443347099,0,-5.51147880970196,2.98850829106218,4.14962162517545,2.45539322817423,19861975.156,2759826.72659,0,-3726252.159,2020498.64609,2805515.013,1660065.2265
"88","TEBUCONAZOLE","SPAIN","50% drift - refined",278.9158215,873.7812862769,116.488988522424,71.6623654065891,78.8943086939543,5.34036702693821,16.7301831244048,2.23040037657576,1.37211052148846,1.51057965265795,3610565.30473882,11311098.7365105,1507949.9545105,927669.319011887,1021286.82474811,1419.74277039987,-114.592892500133,0,152.4527701769,-78.8943087060457,-116.488988577576,-71.6623653934109,27.1836407020652,-2.1940960964915,-6.88722767705485e-09,2.91899447536593,-1.51057965818661,-2.23040038206635,-1.37211052471724,18378570.1395198,-1483405.01648021,-0.00426118168979883,1973501.09551048,-1021286.82825189,-1507949.9584895,-927669.320988113
"89","TEBUCONAZOLE","SPAIN","75% drift - refined",278.9158215,950.00767148845,58.244494261212,35.8311827032946,39.4471543469771,5.34036702693821,18.1896803733497,1.11520018828788,0.686055260744228,0.755289826328977,3610565.30473882,12297849.2918227,753974.977255248,463834.659505943,510643.412374054,1362.44632429993,-171.889338600066,0,228.67915538845,-118.341463053023,-174.733482838788,-107.493548096705,26.086592675649,-3.29114412290769,-6.88722767705485e-09,NA,-2.26586948451558,-3.34560057035423,-2.05816578546147,17636867.6456967,-2225107.51030327,-0.00426118168979883,2960251.65082266,-1531930.24062595,-2261924.93574475,-1391503.98049406
"90","TEBUCONAZOLE","SPAIN","90% drift - refined",278.9158215,950.00767148845,23.2977977044848,14.3324730813178,15.7788617387908,5.34036702693821,18.1896803733497,0.446080075315152,0.274422104297691,0.302115930531591,3610565.30473882,12297849.2918227,301589.990902099,185533.863802377,204257.364949622,1282.33262551304,-252.003037386957,0,228.67915538845,-142.009755661209,-209.680179395515,-128.992257718682,24.5526655104324,-4.82507128812434,-6.88722767705485e-09,4.37849172431081,-2.71904338031297,-4.01472068332695,-2.469798941908,16599795.8162156,-3262179.33978442,-0.00426118168979883,2960251.65082266,-1838316.28805038,-2714309.9220979,-1669804.77619762
"91","TERBUTHYLAZINE","SPAIN","original method",1796.970149,10940.78355,111.1215556,163.5018524,18.48749611,2351.759525544,14318.59729872,145.4287801824,213.9807603648,24.1952517092,115121095.7,700910357.2,7118891.339,10474582.67,1184382.951,13030.86460311,13030.86460311,1796.970149,10940.78355,18.48749611,111.1215556,163.5018524,17053.9616165204,17053.9616165204,2351.759525544,14318.59729872,24.1952517092,145.4287801824,213.9807603648,834809309.86,834809309.86,115121095.7,700910357.2,1184382.951,7118891.339,10474582.67
"92","TERBUTHYLAZINE","SPAIN","refined method - original",1796.970149,7820.101747,1592.944598,1553.469564,1710.625624,2351.759525544,10234.448680456,2084.74394128,2033.081543064,2238.757336816,115121095.7,500986998.3,102050402.7,99521474.15,109589520,14474.111682,1443.24707889,0,-3120.681803,1692.13812789,1481.8230424,1389.9677116,18942.79102716,1888.8294106396,0,-4084.148618264,2214.5620851068,1939.3151610976,1819.1007826992,927269490.85,92460180.99,0,-199923358.9,108405137.049,94931511.361,89046891.48
"93","TERBUTHYLAZINE","SPAIN","50% drift - refined",1796.970149,9472.880129977,796.472299091448,776.734782096531,855.312812179403,2351.75952492166,12397.4992497856,1042.37197082375,1016.54077178189,1119.37866856042,115121095.625536,606870592.646847,51025201.3689945,49760737.0802322,54794759.9994612,13698.3701723444,-775.741509655616,0,1652.778382977,-855.312811820597,-796.472298908552,-776.734781903469,17927.5501858733,-1015.2408412867,-6.22335846856004e-07,2163.05056932958,-1119.37866825558,-1042.37197045625,-1016.54077128211,877572386.72107,-49697104.1289296,-0.0744640082120895,105883594.346847,-54794760.0005388,-51025201.3310055,-49760737.0697678
"94","TERBUTHYLAZINE","SPAIN","75% drift - refined",1796.970149,10299.2693204885,398.236149545724,388.367391048266,427.656406089701,2351.75952492166,13479.0245334188,521.185985411873,508.270385890943,559.689334280211,115121095.625536,659812389.747775,25512600.6844973,24880368.5401161,27397379.9997306,13310.4994161722,-1163.61226582781,0,2479.1675734885,-1282.9692179103,-1194.70844845428,-1165.10217295173,17419.9297639235,-1522.86126323647,-6.22335846856004e-07,NA,-1679.06800253579,-1563.55795586813,-1524.81115717306,852723834.597655,-74545656.2523448,-0.0744640082120895,158825391.447775,-82192140.0002694,-76537802.0155027,-74641105.6098839
"95","TERBUTHYLAZINE","SPAIN","90% drift - refined",1796.970149,10299.2693204885,159.29445981829,155.346956419306,171.06256243588,2351.75952492166,13479.0245334188,208.474394164749,203.308154356377,223.875733712084,115121095.625536,659812389.747775,10205040.2737989,9952147.41604643,10958951.9998922,12581.943448162,-1892.16823383802,0,2479.1675734885,-1539.56306156412,-1433.65013818171,-1398.12260758069,16466.4423405737,-2476.34868658629,-6.22335846856004e-07,3244.57585296284,-2014.88160310392,-1876.26954711525,-1829.77338870762,806049625.063049,-121219865.786951,-0.0744640082120895,158825391.447775,-98630568.0001078,-91845362.4262011,-89569326.7339536
"96","THIAMETHOXAM","BRAZIL","original method",68.9399534325217,114.522935992893,2.14427738588567,7.49714146870413,0.849621227882157,0.0986942261141232,0.159997379298967,0.00306984383882214,0.0107332445200652,0.00121635591586851,46168072.215776,75727257.1877543,1436013.84957166,5020805.1684941,568987.88297189,193.953929507887,193.953929507887,68.9399534325217,114.522935992893,0.849621227882157,2.14427738588567,7.49714146870413,0.273711049687846,0.273711049687846,0.0986942261141232,0.159997379298967,0.00121635591586851,0.00306984383882214,0.0107332445200652,128921136.304568,128921136.304568,46168072.215776,75727257.1877543,568987.88297189,1436013.84957166,5020805.1684941
"97","THIAMETHOXAM","BRAZIL","refined method - original",68.9399534325217,113.152670224793,3.85002768388721,10.2051892669975,4.03677142550836,0.09980800303687,0.159505004978892,0.00555395744733534,0.014721760892252,0.00582334948663387,46634054.940216,75416052.2624325,2596058.87797426,6881319.9213998,2721979.4657801,200.184612033708,6.23068252582107,0,-1.37026576810004,3.1871501976262,1.70575029800154,2.70804779829335,0.285412075841983,0.011701026154137,0.00111377692274682,-0.000492374320075178,0.00460699357076536,0.0024841136085132,0.00398851637218675,134249465.467803,5328329.1632347,465982.724440001,-311204.925321802,2152991.58280821,1160045.0284026,1860514.7529057
"98","THIAMETHOXAM","BRAZIL","50% drift - refined",68.9399534325165,114.805201808589,1.92501384168891,5.10259463301466,2.01838571241739,0.0986942259355085,0.160391812697052,0.00275567280062444,0.00730440526623657,0.00288933538472522,46168072.1233335,75913922.1365408,1289115.4515568,3417031.83738094,1351643.37665018,192.791149428226,-7.39346260548186,-5.21538368047914e-12,1.65253158379545,-2.01838571309097,-1.9250138421983,-5.10259463398283,0.272035452084147,-0.0133766237578367,-0.00111377710136149,0.000886807718159743,-0.00293401410190866,-0.0027982846467109,-0.0074173556260154,128139784.925462,-6109680.5423405,-465982.816882536,497869.874108255,-1370336.08912992,-1306943.42641746,-3464288.08401886
"99","THIAMETHOXAM","BRAZIL","75% drift - refined",68.9399534325165,115.631467606692,0.962506920844454,2.55129731650733,1.00919285620869,0.0986942259355085,0.161546050289075,0.00137783640031222,0.00365220263311828,0.00144466769236261,46168072.1233335,76460256.1708252,644557.725778399,1708515.91869047,675821.68832509,189.094418132769,-11.0901939009385,-5.21538368047914e-12,2.47879738189933,-3.02757856929967,-2.88752076304276,-7.65389195049015,0.266714982950376,-0.018697092891607,-0.00111377710136149,NA,-0.00437868179427127,-0.00417612104702312,-0.0110695582591337,125657223.626953,-8592241.84085004,-465982.816882536,1044203.90839267,-2046157.77745501,-1951501.15219586,-5172804.00270933
"100","THIAMETHOXAM","BRAZIL","90% drift - refined",68.9399534325165,115.631467606692,0.385002768337782,1.02051892660293,0.403677142483477,0.0986942259355085,0.161546050289075,0.000551134560124889,0.00146088105324731,0.000577867076945043,46168072.1233335,76460256.1708252,257823.09031136,683406.367476187,270328.675330036,186.380619876633,-13.8039921570747,-5.21538368047914e-12,2.47879738189933,-3.63309428302488,-3.46502491554943,-9.18467034039455,0.2628301589149,-0.0225819169270829,-0.00111377710136149,0.00204104531018245,-0.00524548240968883,-0.00500282288721045,-0.0132608798390047,123839886.427276,-10409579.0405264,-465982.816882536,1044203.90839267,-2451650.79045006,-2338235.7876629,-6197913.55392361
"101","TRIFLOXYSTROBIN","BRAZIL","original method",45.60453017,1.17775140728602,6.418139815,0.063790425,0.007229272,0.159438984818305,0.00410851975127917,0.0224385974934233,0.00022301906915124,2.52744190083874e-05,85769716.806732,2212623.65762394,12070775.2575034,119972.439370368,13596.294597174,53.271441089286,53.271441089286,45.60453017,1.17775140728602,0.007229272,6.418139815,0.063790425,0.186234395551167,0.186234395551167,0.159438984818305,0.00410851975127917,2.52744190083874e-05,0.0224385974934233,0.00022301906915124,100186684.455827,100186684.455827,85769716.806732,2212623.65762394,13596.294597174,12070775.2575034,119972.439370368
"102","TRIFLOXYSTROBIN","BRAZIL","refined method - original",45.60453017,1.16365113754001,11.52808386,0.08686522,0.03436121,0.159438984818305,0.0040593317538532,0.0403035834425997,0.000303691382346475,0.000120130967311923,85769716.806732,2186133.69627555,21681190.09267,163369.851107602,64624.089391601,58.41749159754,5.146050508254,0,-0.0141002697460104,0.027131938,5.109944045,0.023074795,0.204225722364416,0.0179913268132492,0,-4.91879974259795e-05,9.4856548303536e-05,0.0178649859491764,8.06723131952355e-05,109865034.536177,9678350.08034985,0,-26489.9613483902,51027.794794427,9610414.8351666,43397.411737234
"103","TRIFLOXYSTROBIN","BRAZIL","50% drift - refined",45.60453017,1.18065196485619,5.76404192718584,0.0434326098931372,0.0171806048967769,0.159438985006324,0.00411863818001064,0.0201517917403951,0.000151845687516649,6.00654846421103e-05,85769716.9087311,2218072.89077129,10840595.0571552,81684.9256259256,32312.044720651,52.6098372768319,-5.80765432070806,7.105427357601e-15,0.0170008273161852,-0.0171806051032231,-5.76404193281417,-0.0434326101068628,0.183921326098888,-0.0203043962655279,1.88018961511105e-10,5.9306426157449e-05,-6.00654826698132e-05,-0.0201517917022046,-0.000151845694829826,98942381.8270041,-10922652.7091727,0.101999059319496,31939.1944957403,-32312.04467095,-10840595.0355148,-81684.9254816764
"104","TRIFLOXYSTROBIN","BRAZIL","75% drift - refined",45.60453017,1.18915237840428,2.88202096359292,0.0217163049465686,0.00859030244838847,0.159438985006324,0.00414829139605329,0.0100758958701975,7.59228437583245e-05,3.00327423210551e-05,85769716.9087311,2234042.48842801,5420297.52857758,40842.4628129628,16156.0223603255,49.7060101193922,-8.71148147814785,7.105427357601e-15,0.0255012408642787,-0.0257709075516115,-8.64606289640708,-0.0651489150534314,0.173769127858654,-0.0304565945057621,1.88018961511105e-10,NA,-9.00982249908683e-05,-0.0302276875724022,-0.000227768538588151,93481055.4109099,-16383979.1252668,0.101999059319496,47908.7921524621,-48468.0670312755,-16260892.5640924,-122527.388294639
"105","TRIFLOXYSTROBIN","BRAZIL","90% drift - refined",45.60453017,1.18915237840428,1.15280838543717,0.00868652197862744,0.00343612097935539,0.159438985006324,0.00414829139605329,0.00403035834807901,3.03691375033298e-05,1.20130969284221e-05,85769716.9087311,2234042.48842801,2168119.01143103,16336.9851251851,6462.40894413019,47.9586135767994,-10.4588780207406,7.105427357601e-15,0.0255012408642787,-0.0309250890206446,-10.3752754745628,-0.0781786980213726,0.167660016984888,-0.0365657053795283,1.88018961511105e-10,8.89596422000974e-05,-0.000108117870383501,-0.0362732250945207,-0.000273322244843146,90194677.8026594,-19670356.7335173,0.101999059319496,47908.7921524621,-58161.6804474708,-19513071.081239,-147032.865982417
